{
  "root" : {
    "__class" : "RootNode",
    "children" : [
      {
        "__class" : "FrameNode",
        "aspectRatio" : null,
        "blendingEnabled" : 0,
        "blendingMode" : "normal",
        "blur" : 12,
        "blurEnabled" : 0,
        "blurType" : "layer",
        "borderBottom" : 1,
        "borderColor" : "#222",
        "borderEnabled" : 0,
        "borderLeft" : 1,
        "borderPerSide" : false,
        "borderRight" : 1,
        "borderStyle" : "solid",
        "borderTop" : 1,
        "borderWidth" : 1,
        "bottom" : null,
        "boxShadows" : [

        ],
        "brightness" : 100,
        "brightnessEnabled" : 0,
        "centerAnchorX" : 0,
        "centerAnchorY" : 0,
        "children" : [
          {
            "__class" : "FrameNode",
            "aspectRatio" : 4.1333333333333337,
            "blendingEnabled" : 0,
            "blendingMode" : "normal",
            "blur" : 12,
            "blurEnabled" : 0,
            "blurType" : "layer",
            "borderBottom" : 1,
            "borderColor" : "#222",
            "borderEnabled" : 0,
            "borderLeft" : 1,
            "borderPerSide" : false,
            "borderRight" : 1,
            "borderStyle" : "solid",
            "borderTop" : 1,
            "borderWidth" : 1,
            "bottom" : null,
            "boxShadows" : [

            ],
            "brightness" : 100,
            "brightnessEnabled" : 0,
            "centerAnchorX" : 0.5,
            "centerAnchorY" : 0.16564039408866996,
            "children" : [

            ],
            "clip" : false,
            "codeOverrideEnabled" : false,
            "constraintsLocked" : false,
            "contrast" : 100,
            "contrastEnabled" : 0,
            "deviceType" : null,
            "exportOptions" : [

            ],
            "fillColor" : "rgba(255,255,255,1)",
            "fillEnabled" : true,
            "fillGradient" : {
              "__class" : "LinearGradient",
              "alpha" : 1,
              "angle" : 0,
              "end" : "rgba(0,0,0,0)",
              "start" : "black"
            },
            "fillImage" : "KnpcZRFY8vV2CSg23KGIbbJuvo.png",
            "fillImagePixelHeight" : 180,
            "fillImagePixelWidth" : 744,
            "fillImageResize" : "fill",
            "fillType" : "image",
            "grayscale" : 0,
            "grayScaleEnabled" : 0,
            "height" : 91,
            "heightType" : 0,
            "hueRotate" : 0,
            "hueRotateEnabled" : 0,
            "id" : "I8B1JUpJz",
            "intrinsicHeight" : 90,
            "intrinsicWidth" : 372,
            "invert" : 0,
            "invertEnabled" : 0,
            "isExternalMaster" : null,
            "isMaster" : false,
            "isTarget" : false,
            "left" : 0,
            "locked" : false,
            "name" : null,
            "navigationTarget" : null,
            "navigationTransition" : "push",
            "navigationTransitionBackdropColor" : "rgba(4,4,15,.4)",
            "navigationTransitionDirection" : "left",
            "opacity" : 1,
            "originalid" : null,
            "parentid" : "tjB_z5fNJ",
            "previewSettings" : null,
            "radius" : 0,
            "radiusBottomLeft" : 0,
            "radiusBottomRight" : 0,
            "radiusIsRelative" : false,
            "radiusPerCorner" : false,
            "radiusTopLeft" : 0,
            "radiusTopRight" : 0,
            "replicaInfo" : null,
            "right" : 0,
            "rotation" : 0,
            "saturate" : 100,
            "saturateEnabled" : 0,
            "sepia" : 0,
            "sepiaEnabled" : 0,
            "top" : 89,
            "visible" : true,
            "width" : 375,
            "widthType" : 0
          },
          {
            "__class" : "FrameNode",
            "aspectRatio" : 8.2666666666666675,
            "blendingEnabled" : 0,
            "blendingMode" : "normal",
            "blur" : 12,
            "blurEnabled" : 0,
            "blurType" : "layer",
            "borderBottom" : 1,
            "borderColor" : "#222",
            "borderEnabled" : 0,
            "borderLeft" : 1,
            "borderPerSide" : false,
            "borderRight" : 1,
            "borderStyle" : "solid",
            "borderTop" : 1,
            "borderWidth" : 1,
            "bottom" : null,
            "boxShadows" : [

            ],
            "brightness" : 100,
            "brightnessEnabled" : 0,
            "centerAnchorX" : 0.5,
            "centerAnchorY" : 0.081896551724137928,
            "children" : [

            ],
            "clip" : false,
            "codeOverrideEnabled" : false,
            "constraintsLocked" : false,
            "contrast" : 100,
            "contrastEnabled" : 0,
            "deviceType" : null,
            "exportOptions" : [

            ],
            "fillColor" : "rgba(255,255,255,1)",
            "fillEnabled" : true,
            "fillGradient" : {
              "__class" : "LinearGradient",
              "alpha" : 1,
              "angle" : 0,
              "end" : "rgba(0,0,0,0)",
              "start" : "black"
            },
            "fillImage" : "YkGeO5MOdu2jpSTQOXuKlEuncI.png",
            "fillImagePixelHeight" : 90,
            "fillImagePixelWidth" : 744,
            "fillImageResize" : "fill",
            "fillType" : "image",
            "grayscale" : 0,
            "grayScaleEnabled" : 0,
            "height" : 45,
            "heightType" : 0,
            "hueRotate" : 0,
            "hueRotateEnabled" : 0,
            "id" : "Tx9HMjfMH",
            "intrinsicHeight" : 45,
            "intrinsicWidth" : 372,
            "invert" : 0,
            "invertEnabled" : 0,
            "isExternalMaster" : null,
            "isMaster" : false,
            "isTarget" : false,
            "left" : 0,
            "locked" : false,
            "name" : null,
            "navigationTarget" : null,
            "navigationTransition" : "push",
            "navigationTransitionBackdropColor" : "rgba(4,4,15,.4)",
            "navigationTransitionDirection" : "left",
            "opacity" : 1,
            "originalid" : null,
            "parentid" : "tjB_z5fNJ",
            "previewSettings" : null,
            "radius" : 0,
            "radiusBottomLeft" : 0,
            "radiusBottomRight" : 0,
            "radiusIsRelative" : false,
            "radiusPerCorner" : false,
            "radiusTopLeft" : 0,
            "radiusTopRight" : 0,
            "replicaInfo" : null,
            "right" : 0,
            "rotation" : 0,
            "saturate" : 100,
            "saturateEnabled" : 0,
            "sepia" : 0,
            "sepiaEnabled" : 0,
            "top" : 44,
            "visible" : true,
            "width" : 375,
            "widthType" : 0
          },
          {
            "__class" : "FrameNode",
            "aspectRatio" : 8.0869565217391308,
            "blendingEnabled" : 0,
            "blendingMode" : "normal",
            "blur" : 12,
            "blurEnabled" : 0,
            "blurType" : "layer",
            "borderBottom" : 1,
            "borderColor" : "#222",
            "borderEnabled" : 0,
            "borderLeft" : 1,
            "borderPerSide" : false,
            "borderRight" : 1,
            "borderStyle" : "solid",
            "borderTop" : 1,
            "borderWidth" : 1,
            "bottom" : 34,
            "boxShadows" : [

            ],
            "brightness" : 100,
            "brightnessEnabled" : 0,
            "centerAnchorX" : 0.5,
            "centerAnchorY" : 0.92980295566502458,
            "children" : [

            ],
            "clip" : false,
            "codeOverrideEnabled" : false,
            "constraintsLocked" : false,
            "contrast" : 100,
            "contrastEnabled" : 0,
            "deviceType" : null,
            "exportOptions" : [

            ],
            "fillColor" : "rgba(255,255,255,1)",
            "fillEnabled" : true,
            "fillGradient" : {
              "__class" : "LinearGradient",
              "alpha" : 1,
              "angle" : 0,
              "end" : "rgba(0,0,0,0)",
              "start" : "black"
            },
            "fillImage" : "dGMEwTfoQzhAtqCQcnrIPo1uI.png",
            "fillImagePixelHeight" : 92,
            "fillImagePixelWidth" : 744,
            "fillImageResize" : "fill",
            "fillType" : "image",
            "grayscale" : 0,
            "grayScaleEnabled" : 0,
            "height" : 46,
            "heightType" : 0,
            "hueRotate" : 0,
            "hueRotateEnabled" : 0,
            "id" : "OZqJrHvnM",
            "intrinsicHeight" : 46,
            "intrinsicWidth" : 372,
            "invert" : 0,
            "invertEnabled" : 0,
            "isExternalMaster" : null,
            "isMaster" : false,
            "isTarget" : false,
            "left" : 0,
            "locked" : false,
            "name" : null,
            "navigationTarget" : null,
            "navigationTransition" : "push",
            "navigationTransitionBackdropColor" : "rgba(4,4,15,.4)",
            "navigationTransitionDirection" : "left",
            "opacity" : 1,
            "originalid" : null,
            "parentid" : "tjB_z5fNJ",
            "previewSettings" : null,
            "radius" : 0,
            "radiusBottomLeft" : 0,
            "radiusBottomRight" : 0,
            "radiusIsRelative" : false,
            "radiusPerCorner" : false,
            "radiusTopLeft" : 0,
            "radiusTopRight" : 0,
            "replicaInfo" : null,
            "right" : 0,
            "rotation" : 0,
            "saturate" : 100,
            "saturateEnabled" : 0,
            "sepia" : 0,
            "sepiaEnabled" : 0,
            "top" : null,
            "visible" : true,
            "width" : 375,
            "widthType" : 0
          },
          {
            "__class" : "CodeComponentNode",
            "aspectRatio" : null,
            "blur" : 12,
            "blurEnabled" : 0,
            "blurType" : "layer",
            "borderBottom" : 1,
            "borderColor" : "#222",
            "borderEnabled" : 0,
            "borderLeft" : 1,
            "borderPerSide" : false,
            "borderRight" : 1,
            "borderStyle" : "solid",
            "borderTop" : 1,
            "borderWidth" : 1,
            "bottom" : 0,
            "boxShadows" : [

            ],
            "brightness" : 100,
            "brightnessEnabled" : 0,
            "centerAnchorX" : 0.5,
            "centerAnchorY" : 0.97906403940886699,
            "children" : [

            ],
            "clip" : true,
            "codeComponentIdentifier" : "@framer\/kasimir.iphone-x-kit\/.\/Home Button (iPhone X)\/HomeButton.tsx_HomeButton",
            "codeComponentProps" : {
              "appearance" : "dark"
            },
            "codeOverrideEnabled" : false,
            "constraintsLocked" : false,
            "contrast" : 100,
            "contrastEnabled" : 0,
            "exportOptions" : [

            ],
            "fillColor" : "rgba(255,255,255,1)",
            "fillEnabled" : false,
            "fillGradient" : {
              "__class" : "LinearGradient",
              "alpha" : 1,
              "angle" : 0,
              "end" : "rgba(0,0,0,0)",
              "start" : "black"
            },
            "fillImage" : null,
            "fillImagePixelHeight" : null,
            "fillImagePixelWidth" : null,
            "fillImageResize" : "fill",
            "fillType" : "color",
            "grayscale" : 0,
            "grayScaleEnabled" : 0,
            "height" : 34,
            "heightType" : 0,
            "hueRotate" : 0,
            "hueRotateEnabled" : 0,
            "id" : "XtDEwdrOI",
            "intrinsicHeight" : 34,
            "intrinsicWidth" : 375,
            "invert" : 0,
            "invertEnabled" : 0,
            "left" : 0,
            "locked" : false,
            "name" : null,
            "opacity" : 1,
            "originalid" : null,
            "parentid" : "tjB_z5fNJ",
            "radius" : 0,
            "radiusBottomLeft" : 0,
            "radiusBottomRight" : 0,
            "radiusIsRelative" : false,
            "radiusPerCorner" : false,
            "radiusTopLeft" : 0,
            "radiusTopRight" : 0,
            "right" : 0,
            "rotation" : 0,
            "saturate" : 100,
            "saturateEnabled" : 0,
            "sepia" : 0,
            "sepiaEnabled" : 0,
            "top" : null,
            "visible" : true,
            "width" : 375,
            "widthType" : 0
          },
          {
            "__class" : "CodeComponentNode",
            "aspectRatio" : null,
            "blur" : 12,
            "blurEnabled" : 0,
            "blurType" : "layer",
            "borderBottom" : 1,
            "borderColor" : "#222",
            "borderEnabled" : 0,
            "borderLeft" : 1,
            "borderPerSide" : false,
            "borderRight" : 1,
            "borderStyle" : "solid",
            "borderTop" : 1,
            "borderWidth" : 1,
            "bottom" : null,
            "boxShadows" : [

            ],
            "brightness" : 100,
            "brightnessEnabled" : 0,
            "centerAnchorX" : 0.5,
            "centerAnchorY" : 0.027093596059113302,
            "children" : [

            ],
            "clip" : true,
            "codeComponentIdentifier" : "@framer\/kasimir.iphone-x-kit\/.\/Status Bar\/Status_Bar.tsx_StatusBar",
            "codeComponentProps" : {
              "appearance" : "dark",
              "back" : "",
              "batteryLevel" : 100,
              "liveTime" : true,
              "location" : "none",
              "mode" : "transparent",
              "signalLevel" : 100,
              "time" : "18.00",
              "twelveHour" : false,
              "wifiLevel" : 100
            },
            "codeOverrideEnabled" : false,
            "constraintsLocked" : false,
            "contrast" : 100,
            "contrastEnabled" : 0,
            "exportOptions" : [

            ],
            "fillColor" : "rgba(255,255,255,1)",
            "fillEnabled" : false,
            "fillGradient" : {
              "__class" : "LinearGradient",
              "alpha" : 1,
              "angle" : 0,
              "end" : "rgba(0,0,0,0)",
              "start" : "black"
            },
            "fillImage" : null,
            "fillImagePixelHeight" : null,
            "fillImagePixelWidth" : null,
            "fillImageResize" : "fill",
            "fillType" : "color",
            "grayscale" : 0,
            "grayScaleEnabled" : 0,
            "height" : 44,
            "heightType" : 0,
            "hueRotate" : 0,
            "hueRotateEnabled" : 0,
            "id" : "HNLuGxiQD",
            "intrinsicHeight" : 44,
            "intrinsicWidth" : 375,
            "invert" : 0,
            "invertEnabled" : 0,
            "left" : 0,
            "locked" : false,
            "name" : null,
            "opacity" : 1,
            "originalid" : null,
            "parentid" : "tjB_z5fNJ",
            "radius" : 0,
            "radiusBottomLeft" : 0,
            "radiusBottomRight" : 0,
            "radiusIsRelative" : false,
            "radiusPerCorner" : false,
            "radiusTopLeft" : 0,
            "radiusTopRight" : 0,
            "right" : 0,
            "rotation" : 0,
            "saturate" : 100,
            "saturateEnabled" : 0,
            "sepia" : 0,
            "sepiaEnabled" : 0,
            "top" : 0,
            "visible" : true,
            "width" : 375,
            "widthType" : 0
          },
          {
            "__class" : "FrameNode",
            "aspectRatio" : null,
            "blendingEnabled" : 0,
            "blendingMode" : "normal",
            "blur" : 12,
            "blurEnabled" : 0,
            "blurType" : "layer",
            "borderBottom" : 1,
            "borderColor" : "#222",
            "borderEnabled" : 0,
            "borderLeft" : 1,
            "borderPerSide" : false,
            "borderRight" : 1,
            "borderStyle" : "solid",
            "borderTop" : 1,
            "borderWidth" : 1,
            "bottom" : 80,
            "boxShadows" : [

            ],
            "brightness" : 100,
            "brightnessEnabled" : 0,
            "centerAnchorX" : 0.5,
            "centerAnchorY" : 0.56157635467980294,
            "children" : [
              {
                "__class" : "FrameNode",
                "aspectRatio" : 0.56221889055472263,
                "blendingEnabled" : 0,
                "blendingMode" : "normal",
                "blur" : 12,
                "blurEnabled" : 0,
                "blurType" : "layer",
                "borderBottom" : 1,
                "borderColor" : "#222",
                "borderEnabled" : 0,
                "borderLeft" : 1,
                "borderPerSide" : false,
                "borderRight" : 1,
                "borderStyle" : "solid",
                "borderTop" : 1,
                "borderWidth" : 1,
                "bottom" : null,
                "boxShadows" : [

                ],
                "brightness" : 100,
                "brightnessEnabled" : 0,
                "centerAnchorX" : 0.5,
                "centerAnchorY" : 0.74242424242424243,
                "children" : [
                  {
                    "__class" : "CodeComponentNode",
                    "aspectRatio" : null,
                    "blur" : 12,
                    "blurEnabled" : 0,
                    "blurType" : "layer",
                    "borderBottom" : 1,
                    "borderColor" : "#222",
                    "borderEnabled" : 0,
                    "borderLeft" : 1,
                    "borderPerSide" : false,
                    "borderRight" : 1,
                    "borderStyle" : "solid",
                    "borderTop" : 1,
                    "borderWidth" : 1,
                    "bottom" : null,
                    "boxShadows" : [

                    ],
                    "brightness" : 100,
                    "brightnessEnabled" : 0,
                    "centerAnchorX" : 0.5,
                    "centerAnchorY" : 0.36956521739130432,
                    "children" : [

                    ],
                    "clip" : true,
                    "codeComponentIdentifier" : "@framer\/krijn.video-player\/.\/Video.tsx_VideoPlayer",
                    "codeComponentProps" : {
                      "autoplay" : true,
                      "controls" : true,
                      "loop" : true,
                      "muted" : true,
                      "poster" : "https:\/\/www.krijnrijshouwer.com\/file\/example.png",
                      "srcType" : "Video",
                      "url" : "https:\/\/www.krijnrijshouwer.com\/file\/example.mp4",
                      "video" : "design\/assets\/Video by syo_ever-BtIt2qRnrt9.mp4"
                    },
                    "codeOverrideEnabled" : false,
                    "constraintsLocked" : false,
                    "contrast" : 100,
                    "contrastEnabled" : 0,
                    "exportOptions" : [

                    ],
                    "fillColor" : "rgba(255,255,255,1)",
                    "fillEnabled" : false,
                    "fillGradient" : {
                      "__class" : "LinearGradient",
                      "alpha" : 1,
                      "angle" : 0,
                      "end" : "rgba(0,0,0,0)",
                      "start" : "black"
                    },
                    "fillImage" : null,
                    "fillImagePixelHeight" : null,
                    "fillImagePixelWidth" : null,
                    "fillImageResize" : "fill",
                    "fillType" : "color",
                    "grayscale" : 0,
                    "grayScaleEnabled" : 0,
                    "height" : 365,
                    "heightType" : 0,
                    "hueRotate" : 0,
                    "hueRotateEnabled" : 0,
                    "id" : "nFTM3kV8u",
                    "intrinsicHeight" : 180,
                    "intrinsicWidth" : 320,
                    "invert" : 0,
                    "invertEnabled" : 0,
                    "left" : 0,
                    "locked" : false,
                    "name" : null,
                    "opacity" : 1,
                    "originalid" : null,
                    "parentid" : "VVdOGgIhj",
                    "radius" : 0,
                    "radiusBottomLeft" : 0,
                    "radiusBottomRight" : 0,
                    "radiusIsRelative" : false,
                    "radiusPerCorner" : false,
                    "radiusTopLeft" : 0,
                    "radiusTopRight" : 0,
                    "right" : 0,
                    "rotation" : 0,
                    "saturate" : 100,
                    "saturateEnabled" : 0,
                    "sepia" : 0,
                    "sepiaEnabled" : 0,
                    "top" : 64,
                    "visible" : true,
                    "width" : 375,
                    "widthType" : 0
                  },
                  {
                    "__class" : "SVGNode",
                    "aspectRatio" : 1.1111111111111112,
                    "blendingEnabled" : 0,
                    "blendingMode" : "normal",
                    "blur" : 12,
                    "blurEnabled" : 0,
                    "blurType" : "layer",
                    "bottom" : null,
                    "brightness" : 100,
                    "brightnessEnabled" : 0,
                    "centerAnchorX" : 0.51600000000000001,
                    "centerAnchorY" : 0.35082458770614694,
                    "children" : [

                    ],
                    "colorable" : false,
                    "constraintsLocked" : false,
                    "contrast" : 100,
                    "contrastEnabled" : 0,
                    "exportOptions" : [

                    ],
                    "fillGradient" : {
                      "__class" : "LinearGradient",
                      "alpha" : 1,
                      "angle" : 0,
                      "end" : "rgba(0,0,0,0)",
                      "start" : "black"
                    },
                    "fillImage" : null,
                    "fillImagePixelHeight" : null,
                    "fillImagePixelWidth" : null,
                    "fillImageResize" : "fill",
                    "fillType" : "color",
                    "grayscale" : 0,
                    "grayScaleEnabled" : 0,
                    "height" : 66,
                    "heightType" : 0,
                    "hueRotate" : 0,
                    "hueRotateEnabled" : 0,
                    "id" : "KKByJhIrP",
                    "intrinsicHeight" : 27,
                    "intrinsicWidth" : 30,
                    "invert" : 0,
                    "invertEnabled" : 0,
                    "left" : null,
                    "locked" : false,
                    "name" : "white-heart",
                    "opacity" : 1,
                    "originalFilename" : "Vector (1).svg",
                    "originalid" : null,
                    "parentid" : "VVdOGgIhj",
                    "right" : 145,
                    "rotation" : 0,
                    "saturate" : 100,
                    "saturateEnabled" : 0,
                    "sepia" : 0,
                    "sepiaEnabled" : 0,
                    "shadows" : [

                    ],
                    "svg" : "<?xml version=\"1.0\"?><svg xmlns=\"http:\/\/www.w3.org\/2000\/svg\" width=\"30\" height=\"27\" fill=\"none\"><path d=\"M3.248 14.977l11.307 11.308a.602.602 0 0 0 .852 0l11.3-11.308.835-.827a8.282 8.282 0 0 0 2.412-5.867 8.267 8.267 0 0 0-2.412-5.866c-3.222-3.223-8.503-3.223-11.733 0l-.827.835-.836-.835c-3.222-3.223-8.503-3.223-11.725 0A8.24 8.24 0 0 0 0 8.283c0 2.12.801 4.256 2.42 5.867l.828.827 11.307 11.308a.602.602 0 0 0 .852 0l11.3-11.308\" fill=\"#fff\"><\/path><\/svg>",
                    "top" : 201,
                    "visible" : true,
                    "width" : 73,
                    "widthType" : 0
                  },
                  {
                    "__class" : "FrameNode",
                    "aspectRatio" : null,
                    "blendingEnabled" : 0,
                    "blendingMode" : "normal",
                    "blur" : 12,
                    "blurEnabled" : 0,
                    "blurType" : "layer",
                    "borderBottom" : 1,
                    "borderColor" : "#222",
                    "borderEnabled" : 0,
                    "borderLeft" : 1,
                    "borderPerSide" : false,
                    "borderRight" : 1,
                    "borderStyle" : "solid",
                    "borderTop" : 1,
                    "borderWidth" : 1,
                    "bottom" : 204,
                    "boxShadows" : [

                    ],
                    "brightness" : 100,
                    "brightnessEnabled" : 0,
                    "centerAnchorX" : 0.06933333333333333,
                    "centerAnchorY" : 0.67766116941529231,
                    "children" : [
                      {
                        "__class" : "FrameNode",
                        "aspectRatio" : null,
                        "blendingEnabled" : 0,
                        "blendingMode" : "normal",
                        "blur" : 12,
                        "blurEnabled" : 0,
                        "blurType" : "layer",
                        "borderBottom" : 1,
                        "borderColor" : "#222",
                        "borderEnabled" : 0,
                        "borderLeft" : 1,
                        "borderPerSide" : false,
                        "borderRight" : 1,
                        "borderStyle" : "solid",
                        "borderTop" : 1,
                        "borderWidth" : 1,
                        "bottom" : 0,
                        "boxShadows" : [

                        ],
                        "brightness" : 100,
                        "brightnessEnabled" : 0,
                        "centerAnchorX" : 0.5,
                        "centerAnchorY" : 0.5,
                        "children" : [
                          {
                            "__class" : "SVGNode",
                            "aspectRatio" : 1.103448275862069,
                            "blendingEnabled" : 0,
                            "blendingMode" : "normal",
                            "blur" : 12,
                            "blurEnabled" : 0,
                            "blurType" : "layer",
                            "bottom" : null,
                            "brightness" : 100,
                            "brightnessEnabled" : 0,
                            "centerAnchorX" : 0.5,
                            "centerAnchorY" : 0.5,
                            "children" : [

                            ],
                            "colorable" : false,
                            "constraintsLocked" : false,
                            "contrast" : 100,
                            "contrastEnabled" : 0,
                            "exportOptions" : [

                            ],
                            "fillGradient" : {
                              "__class" : "LinearGradient",
                              "alpha" : 1,
                              "angle" : 0,
                              "end" : "rgba(0,0,0,0)",
                              "start" : "black"
                            },
                            "fillImage" : null,
                            "fillImagePixelHeight" : null,
                            "fillImagePixelWidth" : null,
                            "fillImageResize" : "fill",
                            "fillType" : "color",
                            "grayscale" : 0,
                            "grayScaleEnabled" : 0,
                            "height" : 22,
                            "heightType" : 0,
                            "hueRotate" : 0,
                            "hueRotateEnabled" : 0,
                            "id" : "vYfzC7WpY",
                            "intrinsicHeight" : 29,
                            "intrinsicWidth" : 32,
                            "invert" : 0,
                            "invertEnabled" : 0,
                            "left" : 0,
                            "locked" : false,
                            "name" : "blank-heart",
                            "opacity" : 1,
                            "originalFilename" : "Vector (3).svg",
                            "originalid" : null,
                            "parentid" : "tE0HSQlrT",
                            "right" : 0,
                            "rotation" : 0,
                            "saturate" : 100,
                            "saturateEnabled" : 0,
                            "sepia" : 0,
                            "sepiaEnabled" : 0,
                            "shadows" : [

                            ],
                            "svg" : "<?xml version=\"1.0\"?><svg xmlns=\"http:\/\/www.w3.org\/2000\/svg\" width=\"32\" height=\"29\" fill=\"none\"><path d=\"M4.248 15.977l11.307 11.308a.602.602 0 0 0 .852 0l11.3-11.308.835-.827a8.282 8.282 0 0 0 2.412-5.867 8.267 8.267 0 0 0-2.412-5.866C25.32.194 20.04.194 16.81 3.417l-.828.835-.835-.835C11.924.194 6.643.194 3.42 3.417A8.24 8.24 0 0 0 1 9.283c0 2.12.801 4.256 2.42 5.867l.828.827 11.307 11.308a.602.602 0 0 0 .852 0l11.3-11.308\" stroke=\"#303030\" stroke-width=\"2\" stroke-miterlimit=\"10\" stroke-linecap=\"round\" stroke-linejoin=\"round\"><\/path><\/svg>",
                            "top" : 0,
                            "visible" : true,
                            "width" : 24,
                            "widthType" : 0
                          }
                        ],
                        "clip" : false,
                        "codeOverrideEnabled" : false,
                        "constraintsLocked" : false,
                        "contrast" : 100,
                        "contrastEnabled" : 0,
                        "deviceType" : null,
                        "exportOptions" : [

                        ],
                        "fillColor" : "rgba(255,255,255,1)",
                        "fillEnabled" : false,
                        "fillGradient" : {
                          "__class" : "LinearGradient",
                          "alpha" : 1,
                          "angle" : 0,
                          "end" : "rgba(0,0,0,0)",
                          "start" : "black"
                        },
                        "fillImage" : null,
                        "fillImagePixelHeight" : null,
                        "fillImagePixelWidth" : null,
                        "fillImageResize" : "fill",
                        "fillType" : "color",
                        "grayscale" : 0,
                        "grayScaleEnabled" : 0,
                        "height" : 22,
                        "heightType" : 0,
                        "hueRotate" : 0,
                        "hueRotateEnabled" : 0,
                        "id" : "tE0HSQlrT",
                        "intrinsicHeight" : null,
                        "intrinsicWidth" : null,
                        "invert" : 0,
                        "invertEnabled" : 0,
                        "isExternalMaster" : null,
                        "isMaster" : false,
                        "isTarget" : false,
                        "left" : 0,
                        "locked" : false,
                        "name" : "blank-heart",
                        "navigationTarget" : null,
                        "navigationTransition" : "push",
                        "navigationTransitionBackdropColor" : "rgba(4,4,15,.4)",
                        "navigationTransitionDirection" : "left",
                        "opacity" : 1,
                        "originalid" : null,
                        "parentid" : "Mcc6NDphL",
                        "previewSettings" : null,
                        "radius" : 0,
                        "radiusBottomLeft" : 0,
                        "radiusBottomRight" : 0,
                        "radiusIsRelative" : false,
                        "radiusPerCorner" : false,
                        "radiusTopLeft" : 0,
                        "radiusTopRight" : 0,
                        "replicaInfo" : null,
                        "right" : 0,
                        "rotation" : 0,
                        "saturate" : 100,
                        "saturateEnabled" : 0,
                        "sepia" : 0,
                        "sepiaEnabled" : 0,
                        "top" : 0,
                        "visible" : true,
                        "width" : 24,
                        "widthType" : 0
                      },
                      {
                        "__class" : "FrameNode",
                        "aspectRatio" : null,
                        "blendingEnabled" : 0,
                        "blendingMode" : "normal",
                        "blur" : 12,
                        "blurEnabled" : 0,
                        "blurType" : "layer",
                        "borderBottom" : 1,
                        "borderColor" : "#222",
                        "borderEnabled" : 0,
                        "borderLeft" : 1,
                        "borderPerSide" : false,
                        "borderRight" : 1,
                        "borderStyle" : "solid",
                        "borderTop" : 1,
                        "borderWidth" : 1,
                        "bottom" : 0,
                        "boxShadows" : [

                        ],
                        "brightness" : 100,
                        "brightnessEnabled" : 0,
                        "centerAnchorX" : 0.5,
                        "centerAnchorY" : 0.5,
                        "children" : [
                          {
                            "__class" : "SVGNode",
                            "aspectRatio" : 1.1111111111111112,
                            "blendingEnabled" : 0,
                            "blendingMode" : "normal",
                            "blur" : 12,
                            "blurEnabled" : 0,
                            "blurType" : "layer",
                            "bottom" : null,
                            "brightness" : 100,
                            "brightnessEnabled" : 0,
                            "centerAnchorX" : 0.5,
                            "centerAnchorY" : 0.5,
                            "children" : [

                            ],
                            "colorable" : false,
                            "constraintsLocked" : false,
                            "contrast" : 100,
                            "contrastEnabled" : 0,
                            "exportOptions" : [

                            ],
                            "fillGradient" : {
                              "__class" : "LinearGradient",
                              "alpha" : 1,
                              "angle" : 0,
                              "end" : "rgba(0,0,0,0)",
                              "start" : "black"
                            },
                            "fillImage" : null,
                            "fillImagePixelHeight" : null,
                            "fillImagePixelWidth" : null,
                            "fillImageResize" : "fill",
                            "fillType" : "color",
                            "grayscale" : 0,
                            "grayScaleEnabled" : 0,
                            "height" : 22,
                            "heightType" : 0,
                            "hueRotate" : 0,
                            "hueRotateEnabled" : 0,
                            "id" : "WMf4g_SsM",
                            "intrinsicHeight" : 27,
                            "intrinsicWidth" : 30,
                            "invert" : 0,
                            "invertEnabled" : 0,
                            "left" : 0,
                            "locked" : false,
                            "name" : "red-heart",
                            "opacity" : 1,
                            "originalFilename" : "Vector (2).svg",
                            "originalid" : null,
                            "parentid" : "WL20lQJfG",
                            "right" : 0,
                            "rotation" : 0,
                            "saturate" : 100,
                            "saturateEnabled" : 0,
                            "sepia" : 0,
                            "sepiaEnabled" : 0,
                            "shadows" : [

                            ],
                            "svg" : "<?xml version=\"1.0\"?><svg xmlns=\"http:\/\/www.w3.org\/2000\/svg\" width=\"30\" height=\"27\" fill=\"none\"><path d=\"M3.248 14.977l11.307 11.308a.602.602 0 0 0 .852 0l11.3-11.308.835-.827a8.282 8.282 0 0 0 2.412-5.867 8.267 8.267 0 0 0-2.412-5.866c-3.222-3.223-8.503-3.223-11.733 0l-.827.835-.836-.835c-3.222-3.223-8.503-3.223-11.725 0A8.24 8.24 0 0 0 0 8.283c0 2.12.801 4.256 2.42 5.867l.828.827 11.307 11.308a.602.602 0 0 0 .852 0l11.3-11.308\" fill=\"#F05466\"><\/path><\/svg>",
                            "top" : 0,
                            "visible" : true,
                            "width" : 24,
                            "widthType" : 0
                          }
                        ],
                        "clip" : false,
                        "codeOverrideEnabled" : false,
                        "constraintsLocked" : false,
                        "contrast" : 100,
                        "contrastEnabled" : 0,
                        "deviceType" : null,
                        "exportOptions" : [

                        ],
                        "fillColor" : "rgba(255,255,255,1)",
                        "fillEnabled" : false,
                        "fillGradient" : {
                          "__class" : "LinearGradient",
                          "alpha" : 1,
                          "angle" : 0,
                          "end" : "rgba(0,0,0,0)",
                          "start" : "black"
                        },
                        "fillImage" : null,
                        "fillImagePixelHeight" : null,
                        "fillImagePixelWidth" : null,
                        "fillImageResize" : "fill",
                        "fillType" : "color",
                        "grayscale" : 0,
                        "grayScaleEnabled" : 0,
                        "height" : 22,
                        "heightType" : 0,
                        "hueRotate" : 0,
                        "hueRotateEnabled" : 0,
                        "id" : "WL20lQJfG",
                        "intrinsicHeight" : null,
                        "intrinsicWidth" : null,
                        "invert" : 0,
                        "invertEnabled" : 0,
                        "isExternalMaster" : null,
                        "isMaster" : false,
                        "isTarget" : false,
                        "left" : 0,
                        "locked" : false,
                        "name" : "red-heart",
                        "navigationTarget" : null,
                        "navigationTransition" : "push",
                        "navigationTransitionBackdropColor" : "rgba(4,4,15,.4)",
                        "navigationTransitionDirection" : "left",
                        "opacity" : 1,
                        "originalid" : null,
                        "parentid" : "Mcc6NDphL",
                        "previewSettings" : null,
                        "radius" : 0,
                        "radiusBottomLeft" : 0,
                        "radiusBottomRight" : 0,
                        "radiusIsRelative" : false,
                        "radiusPerCorner" : false,
                        "radiusTopLeft" : 0,
                        "radiusTopRight" : 0,
                        "replicaInfo" : null,
                        "right" : 0,
                        "rotation" : 0,
                        "saturate" : 100,
                        "saturateEnabled" : 0,
                        "sepia" : 0,
                        "sepiaEnabled" : 0,
                        "top" : 0,
                        "visible" : true,
                        "width" : 24,
                        "widthType" : 0
                      }
                    ],
                    "clip" : false,
                    "codeOverrideEnabled" : false,
                    "constraintsLocked" : false,
                    "contrast" : 100,
                    "contrastEnabled" : 0,
                    "deviceType" : null,
                    "exportOptions" : [

                    ],
                    "fillColor" : "rgba(255,255,255,1)",
                    "fillEnabled" : true,
                    "fillGradient" : {
                      "__class" : "LinearGradient",
                      "alpha" : 1,
                      "angle" : 0,
                      "end" : "rgba(0,0,0,0)",
                      "start" : "black"
                    },
                    "fillImage" : null,
                    "fillImagePixelHeight" : null,
                    "fillImagePixelWidth" : null,
                    "fillImageResize" : "fill",
                    "fillType" : "color",
                    "grayscale" : 0,
                    "grayScaleEnabled" : 0,
                    "height" : 22,
                    "heightType" : 0,
                    "hueRotate" : 0,
                    "hueRotateEnabled" : 0,
                    "id" : "Mcc6NDphL",
                    "intrinsicHeight" : null,
                    "intrinsicWidth" : null,
                    "invert" : 0,
                    "invertEnabled" : 0,
                    "isExternalMaster" : null,
                    "isMaster" : false,
                    "isTarget" : false,
                    "left" : 14,
                    "locked" : false,
                    "name" : null,
                    "navigationTarget" : null,
                    "navigationTransition" : "push",
                    "navigationTransitionBackdropColor" : "rgba(4,4,15,.4)",
                    "navigationTransitionDirection" : "left",
                    "opacity" : 1,
                    "originalid" : null,
                    "parentid" : "VVdOGgIhj",
                    "previewSettings" : null,
                    "radius" : 0,
                    "radiusBottomLeft" : 0,
                    "radiusBottomRight" : 0,
                    "radiusIsRelative" : false,
                    "radiusPerCorner" : false,
                    "radiusTopLeft" : 0,
                    "radiusTopRight" : 0,
                    "replicaInfo" : null,
                    "right" : null,
                    "rotation" : 0,
                    "saturate" : 100,
                    "saturateEnabled" : 0,
                    "sepia" : 0,
                    "sepiaEnabled" : 0,
                    "top" : null,
                    "visible" : true,
                    "width" : 24,
                    "widthType" : 0
                  }
                ],
                "clip" : false,
                "codeOverrideEnabled" : false,
                "constraintsLocked" : true,
                "contrast" : 100,
                "contrastEnabled" : 0,
                "deviceType" : null,
                "exportOptions" : [

                ],
                "fillColor" : "rgba(255,255,255,1)",
                "fillEnabled" : true,
                "fillGradient" : {
                  "__class" : "LinearGradient",
                  "alpha" : 1,
                  "angle" : 0,
                  "end" : "rgba(0,0,0,0)",
                  "start" : "black"
                },
                "fillImage" : "SHc1KPuw5kKudWIicBQMQuFFK4.png",
                "fillImagePixelHeight" : 1334,
                "fillImagePixelWidth" : 750,
                "fillImageResize" : "fill",
                "fillType" : "image",
                "grayscale" : 0,
                "grayScaleEnabled" : 0,
                "height" : 667,
                "heightType" : 0,
                "hueRotate" : 0,
                "hueRotateEnabled" : 0,
                "id" : "VVdOGgIhj",
                "intrinsicHeight" : 667,
                "intrinsicWidth" : 375,
                "invert" : 0,
                "invertEnabled" : 0,
                "isExternalMaster" : null,
                "isMaster" : false,
                "isTarget" : false,
                "left" : 0,
                "locked" : false,
                "name" : null,
                "navigationTarget" : null,
                "navigationTransition" : "push",
                "navigationTransitionBackdropColor" : "rgba(4,4,15,.4)",
                "navigationTransitionDirection" : "left",
                "opacity" : 1,
                "originalid" : null,
                "parentid" : "cuv0YN0vl",
                "previewSettings" : null,
                "radius" : 0,
                "radiusBottomLeft" : 0,
                "radiusBottomRight" : 0,
                "radiusIsRelative" : false,
                "radiusPerCorner" : false,
                "radiusTopLeft" : 0,
                "radiusTopRight" : 0,
                "replicaInfo" : null,
                "right" : 0,
                "rotation" : 0,
                "saturate" : 100,
                "saturateEnabled" : 0,
                "sepia" : 0,
                "sepiaEnabled" : 0,
                "top" : -64,
                "visible" : true,
                "width" : 375,
                "widthType" : 0
              }
            ],
            "clip" : true,
            "codeOverrideEnabled" : false,
            "constraintsLocked" : false,
            "contrast" : 100,
            "contrastEnabled" : 0,
            "deviceType" : null,
            "exportOptions" : [

            ],
            "fillColor" : "rgba(0, 153, 255, 0.5)",
            "fillEnabled" : true,
            "fillGradient" : {
              "__class" : "LinearGradient",
              "alpha" : 1,
              "angle" : 0,
              "end" : "rgba(0,0,0,0)",
              "start" : "black"
            },
            "fillImage" : null,
            "fillImagePixelHeight" : null,
            "fillImagePixelWidth" : null,
            "fillImageResize" : "fill",
            "fillType" : "color",
            "grayscale" : 0,
            "grayScaleEnabled" : 0,
            "height" : 552,
            "heightType" : 0,
            "hueRotate" : 0,
            "hueRotateEnabled" : 0,
            "id" : "cuv0YN0vl",
            "intrinsicHeight" : null,
            "intrinsicWidth" : null,
            "invert" : 0,
            "invertEnabled" : 0,
            "isExternalMaster" : null,
            "isMaster" : false,
            "isTarget" : false,
            "left" : 0,
            "locked" : false,
            "name" : null,
            "navigationTarget" : null,
            "navigationTransition" : "push",
            "navigationTransitionBackdropColor" : "rgba(4,4,15,.4)",
            "navigationTransitionDirection" : "left",
            "opacity" : 1,
            "originalid" : null,
            "parentid" : "tjB_z5fNJ",
            "previewSettings" : null,
            "radius" : 0,
            "radiusBottomLeft" : 0,
            "radiusBottomRight" : 0,
            "radiusIsRelative" : false,
            "radiusPerCorner" : false,
            "radiusTopLeft" : 0,
            "radiusTopRight" : 0,
            "replicaInfo" : null,
            "right" : 0,
            "rotation" : 0,
            "saturate" : 100,
            "saturateEnabled" : 0,
            "sepia" : 0,
            "sepiaEnabled" : 0,
            "top" : null,
            "visible" : true,
            "width" : 375,
            "widthType" : 0
          }
        ],
        "clip" : true,
        "codeOverrideEnabled" : false,
        "constraintsLocked" : false,
        "contrast" : 100,
        "contrastEnabled" : 0,
        "deviceType" : "framer\/FramerAppleIPhoneXS",
        "exportOptions" : [

        ],
        "fillColor" : "rgba(255,255,255,1)",
        "fillEnabled" : true,
        "fillGradient" : {
          "__class" : "LinearGradient",
          "alpha" : 1,
          "angle" : 0,
          "end" : "rgba(0,0,0,0)",
          "start" : "black"
        },
        "fillImage" : null,
        "fillImagePixelHeight" : null,
        "fillImagePixelWidth" : null,
        "fillImageResize" : "fill",
        "fillType" : "color",
        "grayscale" : 0,
        "grayScaleEnabled" : 0,
        "height" : 812,
        "heightType" : 0,
        "hueRotate" : 0,
        "hueRotateEnabled" : 0,
        "id" : "tjB_z5fNJ",
        "intrinsicHeight" : null,
        "intrinsicWidth" : null,
        "invert" : 0,
        "invertEnabled" : 0,
        "isExternalMaster" : null,
        "isMaster" : false,
        "isTarget" : false,
        "left" : 0,
        "locked" : false,
        "name" : null,
        "navigationTarget" : null,
        "navigationTransition" : "push",
        "navigationTransitionBackdropColor" : "rgba(4,4,15,.4)",
        "navigationTransitionDirection" : "left",
        "opacity" : 1,
        "originalid" : null,
        "parentid" : "MtEWK2SYn",
        "previewSettings" : null,
        "radius" : 0,
        "radiusBottomLeft" : 0,
        "radiusBottomRight" : 0,
        "radiusIsRelative" : false,
        "radiusPerCorner" : false,
        "radiusTopLeft" : 0,
        "radiusTopRight" : 0,
        "replicaInfo" : null,
        "right" : null,
        "rotation" : 0,
        "saturate" : 100,
        "saturateEnabled" : 0,
        "sepia" : 0,
        "sepiaEnabled" : 0,
        "top" : 0,
        "visible" : true,
        "width" : 375,
        "widthType" : 0
      }
    ],
    "id" : "MtEWK2SYn",
    "name" : null,
    "originalid" : null,
    "parentid" : null,
    "visible" : false
  },
  "version" : 47
}